Workbook

Sheet Inputs
A1: HTS-1 Budget Inputs
A3: Orbit and constants
A4: Earth gravitational parameter mu (km^3/s^2) | B4: 398600.44 | C4: maneuver_plan, Orbit Parameters
A5: Earth equatorial radius Re (km) | B5: 6378.137 | C5: maneuver_plan, Orbit Parameters
A6: GTO perigee altitude hp (km) | B6: 200 | C6: launch vehicle ICD
A7: GTO apogee altitude ha (km) | B7: 35786 | C7: apogee at GEO radius
A8: GTO inclination i (deg) | B8: 27 | C8: removed at apogee
A9: Graveyard altitude above GEO (km) | B9: 300 | C9: disposal target
A10: Standard gravity g0 (m/s^2) | B10: 9.80665 | C10: for Isp to Ve
A11: ft to m conversion | B11: 0.3048 | C11: M3 is booked in ft/s
A13: Masses (ICD and tanking record)
A14: Stage dry mass (kg) | B14: 320 | C14: ground rules 3
A15: Delivered payload (kg) | B15: 500 | C15: separates right after circularization
A16: MMH loaded (kg) | B16: 279.2 | C16: tanking record TNK-2026-114
A17: NTO loaded (kg) | B17: 460.8 | C17: tanking record TNK-2026-114
A18: N2H4 RCS loaded (kg) | B18: 9.2 | C18: tanking record TNK-2026-114
A19: Main propellant loaded (kg) | B19: =B16+B17 -> 740 | C19: MMH + NTO as loaded, not the 800 kg plan
A20: Start wet mass m0 (kg) | B20: =B14+B15+B19+B18 -> 1569.2 | C20: dry + payload + main + RCS
A22: Engine and policy
A23: Isp nameplate (s) | B23: 322 | C23: ground rules 4, superseded, kept for the sensitivity
A24: Isp acceptance hot-fire (s) | B24: 318.5 | C24: as-built engine, this is the budget value
A25: Exhaust velocity Ve (m/s) | B25: =B24*B10 -> 3123.42 | C25: Isp acceptance x g0
A26: Mixture ratio nominal (ox/fuel) | B26: 1.65 | C26: ground rules 4
A27: Apogee burn loss factor | B27: 0.015 | C27: finite burn and steering, main apogee burn only
A28: Main residual (unusable) fraction | B28: 0.02 | C28: holdup and trapped, ground rules 5
A29: RCS hydrazine budget (kg) | B29: 7.5 | C29: ground rules 6
A30: Margin gate at pre-ship | B30: 0.05 | C30: ground rules 7
A31: Main tank planning load (kg) | B31: 800 | C31: tank capacity basis, not what was loaded
A32: M1 phasing dV as planned (m/s) | B32: 120 | C32: descoped, excluded from the budget
A33: M3 GEO trim as booked (ft/s) | B33: 115 | C33: wrong unit on the maneuver sheet
A35: Shaded cells are raw inputs taken straight from the source documents. Everything else on this workbook is computed.

Sheet Delta-V Derivation
A1: Delta-V Derivation
A3: Geometry
A4: GTO perigee radius Rp (km) | B4: =Inputs!$B$5+Inputs!$B$6 -> 6578.14 | C4: Re + hp
A5: GEO / GTO apogee radius Ra (km) | B5: =Inputs!$B$5+Inputs!$B$7 -> 42164.14 | C5: Re + ha
A6: GTO semi-major axis a (km) | B6: =(B4+B5)/2 -> 24371.14 | C6: (Rp + Ra) / 2
A7: Graveyard radius Rg (km) | B7: =B5+Inputs!$B$9 -> 42464.14 | C7: Ra + 300 km
A9: M2 combined apogee insertion
A10: Velocity at GTO apogee Va (m/s) | B10: =SQRT(Inputs!$B$4*(2/B5-1/B6))*1000 -> 1597.39 | C10: vis-viva: sqrt(mu (2/Ra - 1/a)), km/s to m/s
A11: Circular GEO velocity Vc (m/s) | B11: =SQRT(Inputs!$B$4/B5)*1000 -> 3074.66 | C11: sqrt(mu / Ra)
A12: M2 ideal dV (m/s) | B12: =SQRT(B10^2+B11^2-2*B10*B11*COS(RADIANS(Inputs!$B$8))) -> 1803.6 | C12: law of cosines: sqrt(Va^2 + Vc^2 - 2 Va Vc cos i), single combined burn
A13: If split instead (not used) (m/s) | B13: =(B11-B10)+2*B11*SIN(RADIANS(Inputs!$B$8/2)) -> 2912.8 | C13: circularize then plane change: (Vc - Va) + 2 Vc sin(i/2)
A14: Penalty for splitting (m/s) | B14: =B13-B12 -> 1109.21 | C14: why the combined burn is the flightlike assumption
A16: M4 disposal, two-burn Hohmann GEO to graveyard
A17: Transfer semi-major axis (km) | B17: =(B5+B7)/2 -> 42314.14 | C17: (Ra + Rg) / 2
A18: Transfer perigee velocity (m/s) | B18: =SQRT(Inputs!$B$4*(2/B5-1/B17))*1000 -> 3080.11 | C18: at Ra on the transfer ellipse
A19: Transfer apogee velocity (m/s) | B19: =SQRT(Inputs!$B$4*(2/B7-1/B17))*1000 -> 3058.35 | C19: at Rg on the transfer ellipse
A20: Circular graveyard velocity (m/s) | B20: =SQRT(Inputs!$B$4/B7)*1000 -> 3063.78 | C20: sqrt(mu / Rg)
A21: Burn 1, raise apogee (m/s) | B21: =B18-B11 -> 5.44 | C21: transfer perigee minus Vc
A22: Burn 2, circularize (m/s) | B22: =B20-B19 -> 5.44 | C22: graveyard circular minus transfer apogee
A23: M4 ideal dV (m/s) | B23: =B21+B22 -> 10.88 | C23: sum of the two impulses
A25: Given maneuvers
A26: M3 GEO trim (m/s) | B26: =Inputs!$B$33*Inputs!$B$11 -> 35.05 | C26: 115 ft/s converted
A27: M1 phasing (m/s) | B27: =Inputs!$B$32 -> 120 | C27: descoped, carried here for traceability only, not in the budget

Sheet Maneuver Budget
A1: Reconciled Maneuver Budget
A2: Rocket equation, sequential. Prop used = mass before x (1 - EXP(-effective dV / Ve)). Payload comes off after M2 so M3 and M4 fly the light stage.
A3: Maneuver | B3: Description | C3: Ideal dV (m/s) | D3: Loss | E3: Eff dV (m/s) | F3: Mass before (kg) | G3: Prop used (kg) | H3: Payload sep (kg) | I3: Mass after (kg) | J3: Basis
A4: M2 | B4: Combined apogee insertion (circularize + remove 27 deg) | C4: ='Delta-V Derivation'!$B$12 -> 1803.6 | D4: =Inputs!$B$27 -> 0.015 | E4: =C4*(1+D4) -> 1830.65 | F4: =Inputs!$B$20 -> 1569.2 | G4: =F4*(1-EXP(-E4/Inputs!$B$25)) -> 695.95 | H4: =Inputs!$B$15 -> 500 | I4: =F4-G4-H4 -> 373.25 | J4: derived, apogee loss applies, payload separates at burn end
A5: M3 | B5: GEO trim / station acquisition | C5: ='Delta-V Derivation'!$B$26 -> 35.05 | D5: 0 | E5: =C5*(1+D5) -> 35.05 | F5: =I4 -> 373.25 | G5: =F5*(1-EXP(-E5/Inputs!$B$25)) -> 4.17 | H5: 0 | I5: =F5-G5-H5 -> 369.08 | J5: 115 ft/s converted, impulsive, no loss factor
A6: M4 | B6: Disposal to graveyard orbit | C6: ='Delta-V Derivation'!$B$23 -> 10.88 | D6: 0 | E6: =C6*(1+D6) -> 10.88 | F6: =I5 -> 369.08 | G6: =F6*(1-EXP(-E6/Inputs!$B$25)) -> 1.28 | H6: 0 | I6: =F6-G6-H6 -> 367.8 | J6: derived, impulsive, no loss factor
B7: TOTAL main propellant required | E7: =SUM(E4:E6) -> 1876.58 | G7: =SUM(G4:G6) -> 701.4 | J7: effective dV on the stage and the propellant it costs
A9: Excluded from the budget
A10: Maneuver | B10: Description | C10: Planned dV (m/s) | J10: Why excluded
A11: M1 | B11: Phasing burn | C11: ='Delta-V Derivation'!$B$27 -> 120 | J11: Descoped. Customer agreed to a drop-off closer to the service longitude.

Sheet Margin Summary
A1: Main Propellant Margin vs the 5% Gate
A3: Usable vs required
A4: Main propellant loaded (kg) | B4: =Inputs!$B$19 -> 740 | C4: MMH + NTO from the tanking record
A5: Residual (unusable) at 2% (kg) | B5: =B4*Inputs!$B$28 -> 14.8 | C5: holdup and trapped, not available to burn
A6: Usable main propellant (kg) | B6: =B4-B5 -> 725.2 | C6: loaded less residual
A7: Main propellant required (kg) | B7: ='Maneuver Budget'!$G$7 -> 701.4 | C7: rocket equation total across M2, M3, M4
A9: Margin against the gate
A10: Margin (kg) | B10: =B6-B7 -> 23.8 | C10: usable less required
A11: Margin (%) | B11: =B10/B7 -> 0.033927 | C11: (usable - required) / required
A12: Gate (%) | B12: =Inputs!$B$30 -> 0.05 | C12: ground rules 7, pre-ship review
A13: Status | B13: =IF(B11>=B12,"MEETS GATE","UNDER GATE") -> UNDER GATE | C13: under the gate needs a top-off or a documented waiver
A15: Top-off to clear the gate
A16: Usable needed at gate (kg) | B16: =B7*(1+B12) -> 736.47 | C16: required x (1 + gate)
A17: Loaded needed at gate (kg) | B17: =B16/(1-Inputs!$B$28) -> 751.5 | C17: grossed back up for the 2% residual
A18: Top-off required (kg) | B18: =B17-B4 -> 11.5 | C18: loaded needed less as-loaded
A19: Tank planning load (kg) | B19: =Inputs!$B$31 -> 800 | C19: tanks are sized for this, so the top-off fits
A20: Headroom after top-off (kg) | B20: =B19-B17 -> 48.5 | C20: planning load less loaded needed
A22: Sensitivity: the same maneuvers rerun at the 322 s nameplate Isp
A23: Ve at nameplate Isp (m/s) | B23: =Inputs!$B$23*Inputs!$B$10 -> 3157.74 | C23: 322.0 s x g0
A24: M2 propellant at nameplate (kg) | B24: =Inputs!$B$20*(1-EXP(-'Maneuver Budget'!E4/B23)) -> 690.37 | C24: m0 x (1 - EXP(-eff dV / Ve))
A25: Mass after M2 and separation (kg) | B25: =Inputs!$B$20-B24-Inputs!$B$15 -> 378.83 | C25: m0 less M2 propellant less payload
A26: M3 propellant at nameplate (kg) | B26: =B25*(1-EXP(-'Maneuver Budget'!E5/B23)) -> 4.18 | C26: light stage
A27: Mass after M3 (kg) | B27: =B25-B26 -> 374.64
A28: M4 propellant at nameplate (kg) | B28: =B27*(1-EXP(-'Maneuver Budget'!E6/B23)) -> 1.29
A29: Required at nameplate Isp (kg) | B29: =B24+B26+B28 -> 695.84 | C29: sum of the three burns
A30: Cost of the Isp shortfall (kg) | B30: =B7-B29 -> 5.56 | C30: acceptance 318.5 s against nameplate 322.0 s
A31: Usable lost by underloading (kg) | B31: =(Inputs!$B$31-B4)*(1-Inputs!$B$28) -> 58.8 | C31: 800 kg plan less 740 kg loaded, net of residual

Sheet RCS Budget
A1: RCS Hydrazine Budget
A2: Monopropellant hydrazine, separate tank and separate feed system from the bipropellant main. It does not trade against main propellant margin.
A4: Hydrazine loaded (kg) | B4: =Inputs!$B$18 -> 9.2 | C4: tanking record TNK-2026-114
A5: Mission hydrazine budget (kg) | B5: =Inputs!$B$29 -> 7.5 | C5: ground rules 6
A6: Margin (kg) | B6: =B4-B5 -> 1.7 | C6: loaded less budget
A7: Margin (%) | B7: =B6/B5 -> 0.226667 | C7: margin / budget
A8: Status | B8: =IF(B7>=0,"ADEQUATE","SHORT") -> ADEQUATE | C8: no action, RCS is not the constraint at pre-ship
A10: Mixture ratio check on the main (as loaded vs nominal)
A11: MMH loaded (kg) | B11: =Inputs!$B$16 -> 279.2 | C11: tanking record
A12: NTO loaded (kg) | B12: =Inputs!$B$17 -> 460.8 | C12: tanking record
A13: As-loaded mixture ratio (ox/fuel) | B13: =B12/B11 -> 1.65 | C13: NTO / MMH
A14: Nominal mixture ratio | B14: =Inputs!$B$26 -> 1.65 | C14: ground rules 4
A15: Deviation from nominal | B15: =B13/B14-1 -> 0.00026 | C15: within tanking tolerance, no blend correction taken

Sheet Reconciliation
A1: Reconciliation: Plan as Booked vs Budget as Flown
A2: Every place the source documents disagree with each other, what was used, and the number it drove. Value cells are linked to the sheet that computes them.
A3: # | B3: Item | C3: Discrepancy in the inputs | D3: Treatment in this budget | E3: Source of record | F3: Value | G3: Units / effect
A4: 1 | B4: M2 apogee insertion | C4: Left as DERIVE on the maneuver sheet | D4: Sized from the orbit parameters as one combined circularize plus 27 deg plane change at apogee. See Delta-V Derivation rows 10 to 12. | E4: Orbit Parameters + ground rules 2a | F4: ='Delta-V Derivation'!$B$12 -> 1803.6 | G4: m/s
A5: 2 | B5: M4 disposal | C5: Left as DERIVE on the maneuver sheet | D5: Sized as a two-burn Hohmann from GEO to GEO plus 300 km. Both impulses summed. See Delta-V Derivation rows 17 to 23. | E5: Orbit Parameters + ground rules 2b | F5: ='Delta-V Derivation'!$B$23 -> 10.88 | G5: m/s
A6: 3 | B6: Apogee burn structure | C6: Risk of splitting circularize and plane change | D6: Kept as a single combined burn. Splitting would have added the penalty shown and is not how the burn is flown. | E6: Ground rules 2a + GN&C note | F6: ='Delta-V Derivation'!$B$14 -> 1109.21 | G6: m/s overstated if split
A7: 4 | B7: Isp | C7: Sheet and spec carry the 322 s nameplate | D7: Used the acceptance hot-fire value for the as-built engine instead. The delivered value supersedes nameplate for budgeting. | E7: Ground rules 4 + GN&C note | F7: =Inputs!$B$24 -> 318.5 | G7: s used
A8: 5 | B8: M1 phasing | C8: Booked at 120 m/s in the maneuver plan | D8: Excluded entirely. The burn was descoped once the customer agreed to a drop-off closer to the service longitude. | E8: GN&C note | F8: =Inputs!$B$32 -> 120 | G8: m/s removed
A9: 6 | B9: M3 GEO trim | C9: Booked as 115 ft/s, pulled off an older memo | D9: Converted to metric before use. No other maneuver on the sheet is in imperial units. | E9: Maneuver Plan UoM column | F9: ='Delta-V Derivation'!$B$26 -> 35.05 | G9: m/s
A10: 7 | B10: Payload separation | C10: Timing not shown on the maneuver sheet | D10: Separated the payload immediately after circularization, so M3 and M4 are flown on the light stage. Carrying it through would overstate propellant. | E10: Ground rules 3 + GN&C note | F10: =Inputs!$B$15 -> 500 | G10: kg off after M2
A11: 8 | B11: Main propellant quantity | C11: Plan target was 800 kg | D11: Used the as-loaded quantity from the tanking record. Loading stopped at the flowmeter target, short of the plan. | E11: Tanking record TNK-2026-114 | F11: =Inputs!$B$19 -> 740 | G11: kg loaded
A12: 9 | B12: GHe pressurant | C12: Appears on the tanking record | D12: Excluded from propellant mass. It is loaded through the GSE and is not flight propellant. | E12: Tanking record + ground rules 6 | F12: n/a | G12: excluded, no mass
A13: 10 | B13: Main residual | C13: 2% holdup and trapped propellant | D13: Deducted from loaded before comparing against required. Only usable propellant counts toward margin. | E13: Ground rules 5 | F13: ='Margin Summary'!$B$5 -> 14.8 | G13: kg unusable
A14: 11 | B14: RCS hydrazine | C14: Loaded quantity differs from the budget | D14: Tracked separately from the main. Separate tank and feed system, so it does not offset main propellant margin. | E14: Tanking record + ground rules 6 | F14: ='RCS Budget'!$B$6 -> 1.7 | G14: kg margin
A16: Net effect on the budget
B17: Total effective dV carried (m/s) | F17: ='Maneuver Budget'!$E$7 -> 1876.58 | G17: M2 with loss, plus M3 and M4 impulsive. M1 excluded.
B18: Main propellant required (kg) | F18: ='Maneuver Budget'!$G$7 -> 701.4 | G18: rocket equation through payload separation
B19: Usable main propellant (kg) | F19: ='Margin Summary'!$B$6 -> 725.2 | G19: as loaded less the 2% residual
B20: Margin against the 5% gate | F20: ='Margin Summary'!$B$11 -> 0.033927 | G20: under the gate, top-off recommended

Sheet Findings
A1: Findings and Recommendation
A2: For the pre-ship review board. Numbers are linked, not retyped.
A4: Headline
A5: Margin status | B5: ='Margin Summary'!$B$13 -> UNDER GATE
A6: Margin (%) | B6: ='Margin Summary'!$B$11 -> 0.033927
A7: Margin (kg) | B7: ='Margin Summary'!$B$10 -> 23.8
A8: Top-off recommended (kg) | B8: ='Margin Summary'!$B$18 -> 11.5
A9: Load to (kg) | B9: ='Margin Summary'!$B$17 -> 751.5
A11: Where the margin lands | C11: Usable main propellant is 725.20 kg against 701.40 kg required, a margin of 3.39% against a 5.0% gate. The stage is under the gate as loaded, so it does not clear the pre-ship criterion without action. The shortfall is modest in absolute terms, 11.50 kg of propellant, but the gate is a hard criterion and the posture is not compliant as it stands.
A13: Delta-V basis | C13: The apogee insertion is a single combined maneuver at GEO radius: circularize and remove the full 27 degrees in one burn, giving 1803.60 m/s ideal from the GTO apogee velocity of 1597.39 m/s and the GEO circular velocity of 3074.66 m/s. With the 1.5% finite-burn and steering loss this becomes 1830.65 m/s. Disposal to the graveyard 300 km above GEO is a two-burn Hohmann totalling 10.88 m/s. The GEO trim is 35.05 m/s once the 115 ft/s booking is converted. Total effective delta-V carried is 1876.58 m/s.
A15: What drove the margin down | C15: Two things, and both are traceable to the inputs rather than to the analysis. The as-built engine came back from acceptance hot-fire at 318.5 s against a 322.0 s nameplate, and that shortfall alone costs 5.56 kg of propellant on this mission. Separately, loading stopped at 740.00 kg against an 800 kg plan, which gave up 58.80 kg of usable propellant. The underload is the larger effect by an order of magnitude and it is the one that is straightforward to reverse.
A17: Excluded and corrected items | C17: The M1 phasing burn at 120 m/s is out of the budget entirely, descoped once the customer agreed to a drop-off closer to the service longitude. The M3 trim was booked in ft/s and has been converted. The GHe on the tanking record is GSE-loaded pressurant and carries no flight propellant mass. The 500 kg payload separates immediately after circularization, so the trim and disposal burns are sized on the light stage. Splitting the apogee burn into a separate circularization and plane change would have overstated delta-V by 1109.21 m/s and was not done.
A19: RCS | C19: Hydrazine is not a constraint. 9.20 kg loaded against a 7.50 kg mission budget gives 1.70 kg of margin, 22.7%. It sits in its own tank on its own feed system, so it cannot be traded against main propellant margin. No action.
A21: Recommendation | C21: Top off the main propellant by 11.50 kg, to a total load of 751.50 kg, which restores the 5.0% margin exactly. The tanks are sized for an 800 kg planning load so there is 48.50 kg of headroom above the required load and the top-off is well inside capacity. If the schedule will not support a return to the pad, the fallback is a documented waiver to the 3.39% posture, and that case should carry the combined-burn assumption as a stated dependency, since the margin does not survive a split apogee burn under any load.
