Workbook

Sheet Obligation Register
A1: Contract MER-2025-0087 | Obligation deadline calendar | CY2025
A3: # | B3: ID | C3: Obligation | D3: Party | E3: Basis | F3: Due date | G3: Weekday
A4: 1 | B4: O2 | C4: First monthly invoice issued | D4: Provider | E4: Within 5 business days after the Effective Date | F4: =WORKDAY('Anchors and Holidays'!$B$3,5,'Anchors and Holidays'!$D$3:$D$12) -> 45680 | G4: =TEXT(F4,"ddd") -> Thu
A5: 2 | B5: O1 | C5: Project kickoff meeting | D5: Provider | E5: Within 10 calendar days after the Effective Date; roll to next business day | F5: =WORKDAY('Anchors and Holidays'!$B$3+10-1,1,'Anchors and Holidays'!$D$3:$D$12) -> 45684 | G5: =TEXT(F5,"ddd") -> Mon
A6: 3 | B6: O6 | C6: Certificate of insurance delivered | D6: Provider | E6: Within 15 calendar days after the Effective Date; roll to next business day | F6: =WORKDAY('Anchors and Holidays'!$B$3+15-1,1,'Anchors and Holidays'!$D$3:$D$12) -> 45687 | G6: =TEXT(F6,"ddd") -> Thu
A7: 4 | B7: O8.1 | C7: Monthly status report | D7: Provider | E7: By the 5th of each month; roll to next business day | F7: =WORKDAY(DATE(2025,2,5)-1,1,'Anchors and Holidays'!$D$3:$D$12) -> 45693 | G7: =TEXT(F7,"ddd") -> Wed
A8: 5 | B8: O3 | C8: Statement of Work sign-off | D8: Client | E8: Within 30 calendar days after the Effective Date; roll to next business day | F8: =WORKDAY('Anchors and Holidays'!$B$3+30-1,1,'Anchors and Holidays'!$D$3:$D$12) -> 45702 | G8: =TEXT(F8,"ddd") -> Fri
A9: 6 | B9: O8.2 | C9: Monthly status report | D9: Provider | E9: By the 5th of each month; roll to next business day | F9: =WORKDAY(DATE(2025,3,5)-1,1,'Anchors and Holidays'!$D$3:$D$12) -> 45721 | G9: =TEXT(F9,"ddd") -> Wed
A10: 7 | B10: O11 | C10: Integration report | D10: Provider | E10: Within 20 business days after the Statement of Work sign-off (chained to O3's due date) | F10: =WORKDAY(F8,20,'Anchors and Holidays'!$D$3:$D$12) -> 45733 | G10: =TEXT(F10,"ddd") -> Mon
A11: 8 | B11: O4.1 | C11: Quarterly business review | D11: Both | E11: 3 business days before each calendar quarter-end | F11: =WORKDAY(DATE(2025,3,31),-3,'Anchors and Holidays'!$D$3:$D$12) -> 45742 | G11: =TEXT(F11,"ddd") -> Wed
A12: 9 | B12: O12 | C12: Independent security review | D12: Provider | E12: Within 75 calendar days after Effective Date; only if data classification is High (Exhibit B) | F12: =WORKDAY('Anchors and Holidays'!$B$3+75-1,1,'Anchors and Holidays'!$D$3:$D$12) -> 45747 | G12: =TEXT(F12,"ddd") -> Mon
A13: 10 | B13: O8.3 | C13: Monthly status report | D13: Provider | E13: By the 5th of each month; roll to next business day | F13: =WORKDAY(DATE(2025,4,5)-1,1,'Anchors and Holidays'!$D$3:$D$12) -> 45754 | G13: =TEXT(F13,"ddd") -> Mon
A14: 11 | B14: O9 | C14: Termination true-up statement | D14: Provider | E14: Within 45 calendar days after Amendment No.1 effective date (new) | F14: =WORKDAY('Anchors and Holidays'!$B$4+45-1,1,'Anchors and Holidays'!$D$3:$D$12) -> 45764 | G14: =TEXT(F14,"ddd") -> Thu
A15: 12 | B15: O8.4 | C15: Monthly status report | D15: Provider | E15: By the 5th of each month; roll to next business day | F15: =WORKDAY(DATE(2025,5,5)-1,1,'Anchors and Holidays'!$D$3:$D$12) -> 45782 | G15: =TEXT(F15,"ddd") -> Mon
A16: 13 | B16: O8.5 | C16: Monthly status report | D16: Provider | E16: By the 5th of each month; roll to next business day | F16: =WORKDAY(DATE(2025,6,5)-1,1,'Anchors and Holidays'!$D$3:$D$12) -> 45813 | G16: =TEXT(F16,"ddd") -> Thu
A17: 14 | B17: O4.2 | C17: Quarterly business review | D17: Both | E17: 3 business days before each calendar quarter-end | F17: =WORKDAY(DATE(2025,6,30),-3,'Anchors and Holidays'!$D$3:$D$12) -> 45833 | G17: =TEXT(F17,"ddd") -> Wed
A18: 15 | B18: O8.6 | C18: Monthly status report | D18: Provider | E18: By the 5th of each month; roll to next business day | F18: =WORKDAY(DATE(2025,7,5)-1,1,'Anchors and Holidays'!$D$3:$D$12) -> 45845 | G18: =TEXT(F18,"ddd") -> Mon
A19: 16 | B19: O5 | C19: Annual audit support package | D19: Provider | E19: By July 31; required only if total annual fees exceed $250,000 | F19: =WORKDAY(DATE(2025,7,31)-1,1,'Anchors and Holidays'!$D$3:$D$12) -> 45869 | G19: =TEXT(F19,"ddd") -> Thu
A20: 17 | B20: O8.7 | C20: Monthly status report | D20: Provider | E20: By the 5th of each month; roll to next business day | F20: =WORKDAY(DATE(2025,8,5)-1,1,'Anchors and Holidays'!$D$3:$D$12) -> 45874 | G20: =TEXT(F20,"ddd") -> Tue
A21: 18 | B21: O7A | C21: Non-renewal notice (as amended) | D21: Either | E21: At least 90 business days before Dec 31 (Amendment No.1) | F21: =WORKDAY(DATE(2025,12,31),-90,'Anchors and Holidays'!$D$3:$D$12) -> 45890 | G21: =TEXT(F21,"ddd") -> Thu
A22: 19 | B22: O8.8 | C22: Monthly status report | D22: Provider | E22: By the 5th of each month; roll to next business day | F22: =WORKDAY(DATE(2025,9,5)-1,1,'Anchors and Holidays'!$D$3:$D$12) -> 45905 | G22: =TEXT(F22,"ddd") -> Fri
A23: 20 | B23: O4.3 | C23: Quarterly business review | D23: Both | E23: 3 business days before each calendar quarter-end | F23: =WORKDAY(DATE(2025,9,30),-3,'Anchors and Holidays'!$D$3:$D$12) -> 45925 | G23: =TEXT(F23,"ddd") -> Thu
A24: 21 | B24: O8.9 | C24: Monthly status report | D24: Provider | E24: By the 5th of each month; roll to next business day | F24: =WORKDAY(DATE(2025,10,5)-1,1,'Anchors and Holidays'!$D$3:$D$12) -> 45936 | G24: =TEXT(F24,"ddd") -> Mon
A25: 22 | B25: O8.10 | C25: Monthly status report | D25: Provider | E25: By the 5th of each month; roll to next business day | F25: =WORKDAY(DATE(2025,11,5)-1,1,'Anchors and Holidays'!$D$3:$D$12) -> 45966 | G25: =TEXT(F25,"ddd") -> Wed
A26: 23 | B26: O8.11 | C26: Monthly status report | D26: Provider | E26: By the 5th of each month; roll to next business day | F26: =WORKDAY(DATE(2025,12,5)-1,1,'Anchors and Holidays'!$D$3:$D$12) -> 45996 | G26: =TEXT(F26,"ddd") -> Fri
A27: 24 | B27: O4.4 | C27: Quarterly business review | D27: Both | E27: 3 business days before each calendar quarter-end | F27: =WORKDAY(DATE(2025,12,31),-3,'Anchors and Holidays'!$D$3:$D$12) -> 46017 | G27: =TEXT(F27,"ddd") -> Fri
E29: Total active dated rows | F29: =COUNTA(B4:B27) -> 24

Sheet Anchors and Holidays
A1: Key dates, facts, and the holiday calendar
D2: Holiday calendar
A3: Effective Date | B3: 45672 | D3: 45658 | E3: New Year's Day
A4: Amendment No.1 Date | B4: 45719 | D4: 45677 | E4: MLK Day
A5: Total annual fees | B5: 312000 | D5: 45705 | E5: Presidents Day
A6: Processes personal data | B6: No | D6: 45803 | E6: Memorial Day
A7: Data classification (Exhibit B) | B7: High | D7: 45827 | E7: Juneteenth
D8: 45842 | E8: Independence Day
D9: 45901 | E9: Labor Day
D10: 45988 | E10: Thanksgiving
D11: 45989 | E11: Day after Thanksgiving
D12: 46016 | E12: Christmas Day

Sheet Dropped
A1: Obligations not on the calendar (with reason)
A3: ID | B3: Obligation | C3: Reason
A4: O7 | B4: Non-renewal notice (original 60 business days) | C4: Superseded: Amendment No.1 deletes Section 7.2 in its entirety and replaces the 60 with 90 business days (see O7A).
A5: O10 | B5: Data-protection breach drill | C5: Condition not met: applies only if the Provider Processes Personal Data; the recital states it does not.
