Workbook

Sheet Disposition
A1: BRKT-4471 Mounting Bracket | Inspection Disposition | Serial 4471-0007
A3: Feature | B3: Type | C3: Char | D3: Modifier | E3: Datum @MMC | F3: Meas Size | G3: Size MMC | H3: Size LMC | I3: Dev X | J3: Dev Y | K3: Surf Dev | L3: Stated Tol | M3: Bonus | N3: Datum Shift | O3: Total Allowed | P3: Actual Dev | Q3: Virtual Cond | R3: Size Check | S3: Disposition
A4: H1 | B4: hole | C4: position | D4: MMC | E4: B | F4: 8.05 | G4: 8 | H4: 8.1 | I4: 0.06 | J4: 0.05 | L4: 0.2 | M4: =IF(C4<>"position",0,IF(D4<>"MMC",0,IF(B4="pin",G4-F4,F4-G4))) -> 0.05 | N4: =IF(E4="",0,VLOOKUP(E4,Datums!$A$4:$E$5,5,FALSE)) -> 0.04 | O4: =IF(C4="position",L4+M4+N4,L4) -> 0.29 | P4: =IF(C4="position",2*SQRT(I4^2+J4^2),K4) -> 0.156 | Q4: =IF(C4<>"position","",IF(B4="pin",G4+L4,G4-L4)) -> 7.8 | R4: =IF(C4<>"position","n/a",IF(AND(F4>=MIN(G4,H4),F4<=MAX(G4,H4)),"PASS","FAIL")) -> PASS | S4: =IF(R4="FAIL","REJECT (size)",IF(P4<=O4,"ACCEPT","MRB")) -> ACCEPT
A5: H2 | B5: hole | C5: position | D5: MMC | E5: B | F5: 8 | G5: 8 | H5: 8.1 | I5: 0.09 | J5: 0.06 | L5: 0.2 | M5: =IF(C5<>"position",0,IF(D5<>"MMC",0,IF(B5="pin",G5-F5,F5-G5))) -> 0 | N5: =IF(E5="",0,VLOOKUP(E5,Datums!$A$4:$E$5,5,FALSE)) -> 0.04 | O5: =IF(C5="position",L5+M5+N5,L5) -> 0.24 | P5: =IF(C5="position",2*SQRT(I5^2+J5^2),K5) -> 0.216 | Q5: =IF(C5<>"position","",IF(B5="pin",G5+L5,G5-L5)) -> 7.8 | R5: =IF(C5<>"position","n/a",IF(AND(F5>=MIN(G5,H5),F5<=MAX(G5,H5)),"PASS","FAIL")) -> PASS | S5: =IF(R5="FAIL","REJECT (size)",IF(P5<=O5,"ACCEPT","MRB")) -> ACCEPT
A6: H3 | B6: hole | C6: position | D6: MMC | E6: B | F6: 8.1 | G6: 8 | H6: 8.1 | I6: 0.13 | J6: 0.093 | L6: 0.2 | M6: =IF(C6<>"position",0,IF(D6<>"MMC",0,IF(B6="pin",G6-F6,F6-G6))) -> 0.1 | N6: =IF(E6="",0,VLOOKUP(E6,Datums!$A$4:$E$5,5,FALSE)) -> 0.04 | O6: =IF(C6="position",L6+M6+N6,L6) -> 0.34 | P6: =IF(C6="position",2*SQRT(I6^2+J6^2),K6) -> 0.32 | Q6: =IF(C6<>"position","",IF(B6="pin",G6+L6,G6-L6)) -> 7.8 | R6: =IF(C6<>"position","n/a",IF(AND(F6>=MIN(G6,H6),F6<=MAX(G6,H6)),"PASS","FAIL")) -> PASS | S6: =IF(R6="FAIL","REJECT (size)",IF(P6<=O6,"ACCEPT","MRB")) -> ACCEPT
A7: H4 | B7: hole | C7: position | D7: MMC | E7: B | F7: 8.02 | G7: 8 | H7: 8.1 | I7: 0.15 | J7: 0.11 | L7: 0.2 | M7: =IF(C7<>"position",0,IF(D7<>"MMC",0,IF(B7="pin",G7-F7,F7-G7))) -> 0.02 | N7: =IF(E7="",0,VLOOKUP(E7,Datums!$A$4:$E$5,5,FALSE)) -> 0.04 | O7: =IF(C7="position",L7+M7+N7,L7) -> 0.26 | P7: =IF(C7="position",2*SQRT(I7^2+J7^2),K7) -> 0.372 | Q7: =IF(C7<>"position","",IF(B7="pin",G7+L7,G7-L7)) -> 7.8 | R7: =IF(C7<>"position","n/a",IF(AND(F7>=MIN(G7,H7),F7<=MAX(G7,H7)),"PASS","FAIL")) -> PASS | S7: =IF(R7="FAIL","REJECT (size)",IF(P7<=O7,"ACCEPT","MRB")) -> MRB
A8: P1 | B8: pin | C8: position | D8: MMC | F8: 11.93 | G8: 12 | H8: 11.9 | I8: 0.08 | J8: 0.07 | L8: 0.15 | M8: =IF(C8<>"position",0,IF(D8<>"MMC",0,IF(B8="pin",G8-F8,F8-G8))) -> 0.07 | N8: =IF(E8="",0,VLOOKUP(E8,Datums!$A$4:$E$5,5,FALSE)) -> 0 | O8: =IF(C8="position",L8+M8+N8,L8) -> 0.22 | P8: =IF(C8="position",2*SQRT(I8^2+J8^2),K8) -> 0.213 | Q8: =IF(C8<>"position","",IF(B8="pin",G8+L8,G8-L8)) -> 12.15 | R8: =IF(C8<>"position","n/a",IF(AND(F8>=MIN(G8,H8),F8<=MAX(G8,H8)),"PASS","FAIL")) -> PASS | S8: =IF(R8="FAIL","REJECT (size)",IF(P8<=O8,"ACCEPT","MRB")) -> ACCEPT
A9: R1 | B9: hole | C9: position | D9: RFS | F9: 20.07 | G9: 20 | H9: 20.08 | I9: 0.05 | J9: 0.045 | L9: 0.1 | M9: =IF(C9<>"position",0,IF(D9<>"MMC",0,IF(B9="pin",G9-F9,F9-G9))) -> 0 | N9: =IF(E9="",0,VLOOKUP(E9,Datums!$A$4:$E$5,5,FALSE)) -> 0 | O9: =IF(C9="position",L9+M9+N9,L9) -> 0.1 | P9: =IF(C9="position",2*SQRT(I9^2+J9^2),K9) -> 0.135 | Q9: =IF(C9<>"position","",IF(B9="pin",G9+L9,G9-L9)) -> 19.9 | R9: =IF(C9<>"position","n/a",IF(AND(F9>=MIN(G9,H9),F9<=MAX(G9,H9)),"PASS","FAIL")) -> PASS | S9: =IF(R9="FAIL","REJECT (size)",IF(P9<=O9,"ACCEPT","MRB")) -> MRB
A10: H5 | B10: hole | C10: position | D10: MMC | F10: 5.09 | G10: 5 | H10: 5.06 | I10: 0.02 | J10: 0.02 | L10: 0.25 | M10: =IF(C10<>"position",0,IF(D10<>"MMC",0,IF(B10="pin",G10-F10,F10-G10))) -> 0.09 | N10: =IF(E10="",0,VLOOKUP(E10,Datums!$A$4:$E$5,5,FALSE)) -> 0 | O10: =IF(C10="position",L10+M10+N10,L10) -> 0.34 | P10: =IF(C10="position",2*SQRT(I10^2+J10^2),K10) -> 0.057 | Q10: =IF(C10<>"position","",IF(B10="pin",G10+L10,G10-L10)) -> 4.75 | R10: =IF(C10<>"position","n/a",IF(AND(F10>=MIN(G10,H10),F10<=MAX(G10,H10)),"PASS","FAIL")) -> FAIL | S10: =IF(R10="FAIL","REJECT (size)",IF(P10<=O10,"ACCEPT","MRB")) -> REJECT (size)
A11: S1 | B11: profile | C11: profile | D11: - | K11: 0.24 | L11: 0.3 | M11: =IF(C11<>"position",0,IF(D11<>"MMC",0,IF(B11="pin",G11-F11,F11-G11))) -> 0 | N11: =IF(E11="",0,VLOOKUP(E11,Datums!$A$4:$E$5,5,FALSE)) -> 0 | O11: =IF(C11="position",L11+M11+N11,L11) -> 0.3 | P11: =IF(C11="position",2*SQRT(I11^2+J11^2),K11) -> 0.24 | R11: =IF(C11<>"position","n/a",IF(AND(F11>=MIN(G11,H11),F11<=MAX(G11,H11)),"PASS","FAIL")) -> n/a | S11: =IF(R11="FAIL","REJECT (size)",IF(P11<=O11,"ACCEPT","MRB")) -> ACCEPT
A12: F1 | B12: flatness | C12: flatness | D12: - | K12: 0.038 | L12: 0.05 | M12: =IF(C12<>"position",0,IF(D12<>"MMC",0,IF(B12="pin",G12-F12,F12-G12))) -> 0 | N12: =IF(E12="",0,VLOOKUP(E12,Datums!$A$4:$E$5,5,FALSE)) -> 0 | O12: =IF(C12="position",L12+M12+N12,L12) -> 0.05 | P12: =IF(C12="position",2*SQRT(I12^2+J12^2),K12) -> 0.038 | R12: =IF(C12<>"position","n/a",IF(AND(F12>=MIN(G12,H12),F12<=MAX(G12,H12)),"PASS","FAIL")) -> n/a | S12: =IF(R12="FAIL","REJECT (size)",IF(P12<=O12,"ACCEPT","MRB")) -> ACCEPT

Sheet Datums
A1: Datum Features of Size
A3: Datum | B3: Type | C3: MMC (mm) | D3: Measured (mm) | E3: Departure from MMC (mm)
A4: B | B4: internal | C4: 10 | D4: 10.04 | E4: =IF(B4="internal",D4-C4,C4-D4) -> 0.04
A5: C | B5: internal | C5: 6 | D5: 6 | E5: =IF(B5="internal",D5-C5,C5-D5) -> 0

Sheet Summary
A1: Disposition Summary
A3: Disposition | B3: Count
A4: ACCEPT | B4: =COUNTIF(Disposition!S4:S12,A4) -> 6
A5: MRB | B5: =COUNTIF(Disposition!S4:S12,A5) -> 2
A6: REJECT (size) | B6: =COUNTIF(Disposition!S4:S12,A6) -> 1
A7: Total | B7: =SUM(B4:B6) -> 9
