Workbook

Sheet DFMEA
A1: Fuel Delivery System - Design FMEA (AIAG-VDA)
A2: Rank | B2: fm_id | C2: Item | D2: Function | E2: Failure Mode | F2: Effect | G2: S | H2: O | I2: Detection Control | J2: D | K2: AP | L2: Action
A3: 1 | B3: FM-01 | C3: Fuel Rail | D3: Contain pressurized fuel | E3: External fuel leak at rail joint | F3: Fuel leak, fire risk | G3: 9 | H3: 3 | I3: In-line automated leak test | J3: =VLOOKUP(I3,Detection_Map!$A$3:$B$10,2,FALSE) -> 4 | K3: =INDEX(AP_Table!$G$3:$G$45,SUMPRODUCT((ROW(AP_Table!$A$3:$A$45)-2)*(AP_Table!$A$3:$A$45<=G3)*(AP_Table!$B$3:$B$45>=G3)*(AP_Table!$C$3:$C$45<=H3)*(AP_Table!$D$3:$D$45>=H3)*(AP_Table!$E$3:$E$45<=J3)*(AP_Table!$F$3:$F$45>=J3))) -> H | L3: =IF(K3="H","Yes",IF(K3="M","Review","No")) -> Yes
A4: 2 | B4: FM-12 | C4: Injector | D4: Meter fuel per command | E4: Injector external seal leak | F4: Fuel leak at seat, fire risk | G4: 9 | H4: 2 | I4: Pressure decay test (in-line) | J4: =VLOOKUP(I4,Detection_Map!$A$3:$B$10,2,FALSE) -> 4 | K4: =INDEX(AP_Table!$G$3:$G$45,SUMPRODUCT((ROW(AP_Table!$A$3:$A$45)-2)*(AP_Table!$A$3:$A$45<=G4)*(AP_Table!$B$3:$B$45>=G4)*(AP_Table!$C$3:$C$45<=H4)*(AP_Table!$D$3:$D$45>=H4)*(AP_Table!$E$3:$E$45<=J4)*(AP_Table!$F$3:$F$45>=J4))) -> H | L4: =IF(K4="H","Yes",IF(K4="M","Review","No")) -> Yes
A5: 3 | B5: FM-13 | C5: Fuel Rail | D5: Contain pressurized fuel | E5: Rail cracks from pressure cycling fatigue | F5: Fuel leak, fire risk | G5: 9 | H5: 2 | I5: Design validation + in-line PPAP | J5: =VLOOKUP(I5,Detection_Map!$A$3:$B$10,2,FALSE) -> 3 | K5: =INDEX(AP_Table!$G$3:$G$45,SUMPRODUCT((ROW(AP_Table!$A$3:$A$45)-2)*(AP_Table!$A$3:$A$45<=G5)*(AP_Table!$B$3:$B$45>=G5)*(AP_Table!$C$3:$C$45<=H5)*(AP_Table!$D$3:$D$45>=H5)*(AP_Table!$E$3:$E$45<=J5)*(AP_Table!$F$3:$F$45>=J5))) -> H | L5: =IF(K5="H","Yes",IF(K5="M","Review","No")) -> Yes
A6: 4 | B6: FM-09 | C6: Quick Connector | D6: Join fuel lines | E6: Connector not fully seated | F6: Fuel leak on vibration, fire risk | G6: 9 | H6: 2 | I6: 100% automated with error-proofing | J6: =VLOOKUP(I6,Detection_Map!$A$3:$B$10,2,FALSE) -> 2 | K6: =INDEX(AP_Table!$G$3:$G$45,SUMPRODUCT((ROW(AP_Table!$A$3:$A$45)-2)*(AP_Table!$A$3:$A$45<=G6)*(AP_Table!$B$3:$B$45>=G6)*(AP_Table!$C$3:$C$45<=H6)*(AP_Table!$D$3:$D$45>=H6)*(AP_Table!$E$3:$E$45<=J6)*(AP_Table!$F$3:$F$45>=J6))) -> H | L6: =IF(K6="H","Yes",IF(K6="M","Review","No")) -> Yes
A7: 5 | B7: FM-04 | C7: Fuel Pump | D7: Deliver rated flow/pressure | E7: Pump wear reduces flow below spec | F7: Hard start, stall under load | G7: 7 | H7: 4 | I7: Functional end-of-line test | J7: =VLOOKUP(I7,Detection_Map!$A$3:$B$10,2,FALSE) -> 6 | K7: =INDEX(AP_Table!$G$3:$G$45,SUMPRODUCT((ROW(AP_Table!$A$3:$A$45)-2)*(AP_Table!$A$3:$A$45<=G7)*(AP_Table!$B$3:$B$45>=G7)*(AP_Table!$C$3:$C$45<=H7)*(AP_Table!$D$3:$D$45>=H7)*(AP_Table!$E$3:$E$45<=J7)*(AP_Table!$F$3:$F$45>=J7))) -> H | L7: =IF(K7="H","Yes",IF(K7="M","Review","No")) -> Yes
A8: 6 | B8: FM-14 | C8: Regulator Diaphragm | D8: Seal reference chamber | E8: Diaphragm rupture | F8: Rich, fuel in vacuum line | G8: 7 | H8: 3 | I8: None / not detectable | J8: =VLOOKUP(I8,Detection_Map!$A$3:$B$10,2,FALSE) -> 10 | K8: =INDEX(AP_Table!$G$3:$G$45,SUMPRODUCT((ROW(AP_Table!$A$3:$A$45)-2)*(AP_Table!$A$3:$A$45<=G8)*(AP_Table!$B$3:$B$45>=G8)*(AP_Table!$C$3:$C$45<=H8)*(AP_Table!$D$3:$D$45>=H8)*(AP_Table!$E$3:$E$45<=J8)*(AP_Table!$F$3:$F$45>=J8))) -> H | L8: =IF(K8="H","Yes",IF(K8="M","Review","No")) -> Yes
A9: 7 | B9: FM-08 | C9: Tank Seal | D9: Contain fuel vapor/liquid | E9: Seal degradation, weep | F9: Evap leak, emissions | G9: 7 | H9: 2 | I9: Visual inspection only | J9: =VLOOKUP(I9,Detection_Map!$A$3:$B$10,2,FALSE) -> 8 | K9: =INDEX(AP_Table!$G$3:$G$45,SUMPRODUCT((ROW(AP_Table!$A$3:$A$45)-2)*(AP_Table!$A$3:$A$45<=G9)*(AP_Table!$B$3:$B$45>=G9)*(AP_Table!$C$3:$C$45<=H9)*(AP_Table!$D$3:$D$45>=H9)*(AP_Table!$E$3:$E$45<=J9)*(AP_Table!$F$3:$F$45>=J9))) -> H | L9: =IF(K9="H","Yes",IF(K9="M","Review","No")) -> Yes
A10: 8 | B10: FM-11 | C10: Fuel Pump | D10: Deliver rated flow/pressure | E10: Pump electrical open | F10: No start | G10: 8 | H10: 2 | I10: Functional end-of-line test | J10: =VLOOKUP(I10,Detection_Map!$A$3:$B$10,2,FALSE) -> 6 | K10: =INDEX(AP_Table!$G$3:$G$45,SUMPRODUCT((ROW(AP_Table!$A$3:$A$45)-2)*(AP_Table!$A$3:$A$45<=G10)*(AP_Table!$B$3:$B$45>=G10)*(AP_Table!$C$3:$C$45<=H10)*(AP_Table!$D$3:$D$45>=H10)*(AP_Table!$E$3:$E$45<=J10)*(AP_Table!$F$3:$F$45>=J10))) -> M | L10: =IF(K10="H","Yes",IF(K10="M","Review","No")) -> Review
A11: 9 | B11: FM-03 | C11: Injector | D11: Meter fuel per command | E11: Injector stuck open | F11: Rich run, emissions, hydrolock | G11: 8 | H11: 2 | I11: Bench durability test | J11: =VLOOKUP(I11,Detection_Map!$A$3:$B$10,2,FALSE) -> 5 | K11: =INDEX(AP_Table!$G$3:$G$45,SUMPRODUCT((ROW(AP_Table!$A$3:$A$45)-2)*(AP_Table!$A$3:$A$45<=G11)*(AP_Table!$B$3:$B$45>=G11)*(AP_Table!$C$3:$C$45<=H11)*(AP_Table!$D$3:$D$45>=H11)*(AP_Table!$E$3:$E$45<=J11)*(AP_Table!$F$3:$F$45>=J11))) -> M | L11: =IF(K11="H","Yes",IF(K11="M","Review","No")) -> Review
A12: 10 | B12: FM-15 | C12: Fuel Filter | D12: Filter particulate | E12: Filter fully clogged | F12: Fuel starvation, stall | G12: 7 | H12: 3 | I12: Functional end-of-line test | J12: =VLOOKUP(I12,Detection_Map!$A$3:$B$10,2,FALSE) -> 6 | K12: =INDEX(AP_Table!$G$3:$G$45,SUMPRODUCT((ROW(AP_Table!$A$3:$A$45)-2)*(AP_Table!$A$3:$A$45<=G12)*(AP_Table!$B$3:$B$45>=G12)*(AP_Table!$C$3:$C$45<=H12)*(AP_Table!$D$3:$D$45>=H12)*(AP_Table!$E$3:$E$45<=J12)*(AP_Table!$F$3:$F$45>=J12))) -> M | L12: =IF(K12="H","Yes",IF(K12="M","Review","No")) -> Review
A13: 11 | B13: FM-02 | C13: Injector | D13: Meter fuel per command | E13: Injector partially clogged | F13: Lean misfire, driveability | G13: 6 | H13: 5 | I13: Functional end-of-line test | J13: =VLOOKUP(I13,Detection_Map!$A$3:$B$10,2,FALSE) -> 6 | K13: =INDEX(AP_Table!$G$3:$G$45,SUMPRODUCT((ROW(AP_Table!$A$3:$A$45)-2)*(AP_Table!$A$3:$A$45<=G13)*(AP_Table!$B$3:$B$45>=G13)*(AP_Table!$C$3:$C$45<=H13)*(AP_Table!$D$3:$D$45>=H13)*(AP_Table!$E$3:$E$45<=J13)*(AP_Table!$F$3:$F$45>=J13))) -> M | L13: =IF(K13="H","Yes",IF(K13="M","Review","No")) -> Review
A14: 12 | B14: FM-10 | C14: Fuel Filter | D14: Filter particulate | E14: Filter media bypass | F14: Injector wear over time | G14: 4 | H14: 4 | I14: Bench durability test | J14: =VLOOKUP(I14,Detection_Map!$A$3:$B$10,2,FALSE) -> 5 | K14: =INDEX(AP_Table!$G$3:$G$45,SUMPRODUCT((ROW(AP_Table!$A$3:$A$45)-2)*(AP_Table!$A$3:$A$45<=G14)*(AP_Table!$B$3:$B$45>=G14)*(AP_Table!$C$3:$C$45<=H14)*(AP_Table!$D$3:$D$45>=H14)*(AP_Table!$E$3:$E$45<=J14)*(AP_Table!$F$3:$F$45>=J14))) -> M | L14: =IF(K14="H","Yes",IF(K14="M","Review","No")) -> Review
... A16: 14 | B16: FM-05 | C16: Pressure Regulator | D16: Regulate rail pressure | E16: Regulator drifts high | F16: Rich mixture, emissions fail | G16: 6 | H16: 3 | I16: In-line automated leak test | J16: =VLOOKUP(I16,Detection_Map!$A$3:$B$10,2,FALSE) -> 4 | K16: =INDEX(AP_Table!$G$3:$G$45,SUMPRODUCT((ROW(AP_Table!$A$3:$A$45)-2)*(AP_Table!$A$3:$A$45<=G16)*(AP_Table!$B$3:$B$45>=G16)*(AP_Table!$C$3:$C$45<=H16)*(AP_Table!$D$3:$D$45>=H16)*(AP_Table!$E$3:$E$45<=J16)*(AP_Table!$F$3:$F$45>=J16))) -> L | L16: =IF(K16="H","Yes",IF(K16="M","Review","No")) -> No

Sheet Detection_Map
A1: Detection Rating Reference (control -> D)
A2: current_detection_control | B2: D
A3: 100% automated with error-proofing | B3: 2
A4: Design validation + in-line PPAP | B4: 3
A5: In-line automated leak test | B5: 4
A6: Pressure decay test (in-line) | B6: 4
A7: Bench durability test | B7: 5
A8: Functional end-of-line test | B8: 6
A9: Visual inspection only | B9: 8
A10: None / not detectable | B10: 10

Sheet AP_Table
A1: Action Priority Lookup (AIAG-VDA)
A2: S_lo | B2: S_hi | C2: O_lo | D2: O_hi | E2: D_lo | F2: D_hi | G2: AP
A3: 9 | B3: 10 | C3: 6 | D3: 10 | E3: 1 | F3: 10 | G3: H
A4: 9 | B4: 10 | C4: 4 | D4: 5 | E4: 1 | F4: 10 | G4: H
A5: 9 | B5: 10 | C5: 2 | D5: 3 | E5: 1 | F5: 4 | G5: H
A6: 9 | B6: 10 | C6: 2 | D6: 3 | E6: 5 | F6: 7 | G6: H
A7: 9 | B7: 10 | C7: 2 | D7: 3 | E7: 8 | F7: 10 | G7: H
A8: 9 | B8: 10 | C8: 1 | D8: 1 | E8: 1 | F8: 4 | G8: M
A9: 9 | B9: 10 | C9: 1 | D9: 1 | E9: 5 | F9: 7 | G9: M
A10: 9 | B10: 10 | C10: 1 | D10: 1 | E10: 8 | F10: 10 | G10: H
A11: 7 | B11: 8 | C11: 6 | D11: 10 | E11: 1 | F11: 4 | G11: H
A12: 7 | B12: 8 | C12: 6 | D12: 10 | E12: 5 | F12: 7 | G12: H
A13: 7 | B13: 8 | C13: 6 | D13: 10 | E13: 8 | F13: 10 | G13: H
A14: 7 | B14: 8 | C14: 4 | D14: 5 | E14: 1 | F14: 4 | G14: M
... A45: 1 | B45: 1 | C45: 1 | D45: 10 | E45: 1 | F45: 10 | G45: L
