Workbook

Sheet Field Data
A1: Parcel BLA-7 | Closed Loop Traverse A-B-C-D-E-A | reduced field data
A3: Station | B3: Measured interior angle (deg) | C3: Basis
A4: A | B4: 98.005 | C4: interior angle, whole seconds
A5: B | B5: 104.2725 | C5: interior angle, whole seconds
A6: C | B6: 108.96778 | C6: reduced from deflection 71-01-56 R: 180 - 71.0322
A7: D | B7: 108.85833 | C7: interior angle, whole seconds
A8: E | B8: 119.90361 | C8: interior angle, whole seconds
A11: Course horizontal distances (m)
A12: Course | B12: Horizontal distance (m) | C12: Basis
A13: AB | B13: 199.75 | C13: measured horizontal (EDM)
A14: BC | B14: 176.55 | C14: measured horizontal (EDM)
A15: CD | B15: 194.627 | C15: reduced from slope 195.37 m at 5 deg vertical: 195.37*cos(5)
A16: DE | B16: 136.5 | C16: measured horizontal (EDM)
A17: EA | B17: 195.97 | C17: measured horizontal (EDM)
A20: Fixed azimuth of AB (control monument MON-3), bearing N 64-07-45 E
A21: AB azimuth (deg) | B21: 64.129167

Sheet Adjustment
A1: Traverse adjustment (angular closure, azimuths, lat/dep, Bowditch, coordinates)
A3: Angular closure
A4: Sum of interior angles (deg) | B4: =SUM('Field Data'!B4:B8) -> 540.00722
A5: Required (5-2)*180 | B5: 540
A6: Misclosure (seconds) | B6: =(B4-B5)*3600 -> 26
A7: Correction per angle (seconds) | B7: =-B6/5 -> -5.2
A10: Course | B10: Adj azimuth (deg) | C10: Dist (m) | D10: Latitude | E10: Departure | F10: Corr lat | G10: Corr dep | H10: Adj lat | I10: Adj dep
A11: AB | B11: 64.129167 | C11: ='Field Data'!B13 -> 199.75 | D11: =C11*COS(RADIANS(B11)) -> 87.1597 | E11: =C11*SIN(RADIANS(B11)) -> 179.7311 | F11: =-$D$16*C11/$C$16 -> -0.0351 | G11: =-$E$16*C11/$C$16 -> 0.0003 | H11: =D11+F11 -> 87.1246 | I11: =E11+G11 -> 179.7313
A12: BC | B12: 139.85811 | C12: ='Field Data'!B14 -> 176.55 | D12: =C12*COS(RADIANS(B12)) -> -134.9637 | E12: =C12*SIN(RADIANS(B12)) -> 113.8187 | F12: =-$D$16*C12/$C$16 -> -0.031 | G12: =-$E$16*C12/$C$16 -> 0.0002 | H12: =D12+F12 -> -134.9947 | I12: =E12+G12 -> 113.819
A13: CD | B13: 210.89178 | C13: ='Field Data'!B15 -> 194.627 | D13: =C13*COS(RADIANS(B13)) -> -167.0169 | E13: =C13*SIN(RADIANS(B13)) -> -99.925 | F13: =-$D$16*C13/$C$16 -> -0.0342 | G13: =-$E$16*C13/$C$16 -> 0.0003 | H13: =D13+F13 -> -167.0511 | I13: =E13+G13 -> -99.9248
A14: DE | B14: 282.03489 | C14: ='Field Data'!B16 -> 136.5 | D14: =C14*COS(RADIANS(B14)) -> 28.4612 | E14: =C14*SIN(RADIANS(B14)) -> -133.4998 | F14: =-$D$16*C14/$C$16 -> -0.024 | G14: =-$E$16*C14/$C$16 -> 0.0002 | H14: =D14+F14 -> 28.4373 | I14: =E14+G14 -> -133.4997
A15: EA | B15: 342.13272 | C15: ='Field Data'!B17 -> 195.97 | D15: =C15*COS(RADIANS(B15)) -> 186.5183 | E15: =C15*SIN(RADIANS(B15)) -> -60.1262 | F15: =-$D$16*C15/$C$16 -> -0.0344 | G15: =-$E$16*C15/$C$16 -> 0.0003 | H15: =D15+F15 -> 186.4839 | I15: =E15+G15 -> -60.1259
A16: Sum / perimeter | C16: =SUM(C11:C15) -> 903.397 | D16: =SUM(D11:D15) -> 0.1586 | E16: =SUM(E11:E15) -> -0.0012 | H16: =SUM(H11:H15) -> 0 | I16: =SUM(I11:I15) -> 0
A18: Linear closure (m) | B18: =SQRT(D16^2+E16^2) -> 0.1586
A19: Precision ratio (1:X) | B19: =ROUND(C16/B18,0) -> 5696
A21: Adjusted coordinates
A22: Station | B22: Northing (N) | C22: Easting (E)
A23: A | B23: 1000 | C23: 1000
A24: B | B24: =B23+H11 -> 1087.1246 | C24: =C23+I11 -> 1179.7313
A25: C | B25: =B24+H12 -> 952.1299 | C25: =C24+I12 -> 1293.5503
A26: D | B26: =B25+H13 -> 785.0788 | C26: =C25+I13 -> 1193.6255
A27: E | B27: =B26+H14 -> 813.5161 | C27: =C26+I14 -> 1060.1259

Sheet Area
A1: Enclosed area by coordinate (shoelace) method
A3: Area (m^2) | B3: =ABS((Adjustment!C23*Adjustment!B24-Adjustment!C24*Adjustment!B23)+(Adjustment!C24*Adjustment!B25-Adjustment!C25*Adjustment!B24)+(Adjustment!C25*Adjustment!B26-Adjustment!C26*Adjustment!B25)+(Adjustment!C26*Adjustment!B27-Adjustment!C27*Adjustment!B26)+(Adjustment!C27*Adjustment!B23-Adjustment!C23*Adjustment!B27))/2 -> 55593.121
A4: Area (hectares) | B4: =B3/10000 -> 5.5593
